{
  "bagging_fraction": 0.7992342865495842,
  "bagging_freq": 2,
  "boosting_type": "dart",
  "colsample_bytree": 0.8126575051106995,
  "feature_fraction": 0.5730719467521186,
  "learning_rate": 0.10426076426342447,
  "max_bin": 460,
  "max_depth": 1,
  "min_child_samples": 55,
  "min_split_gain": 0.9636672779278073,
  "n_estimators": 541,
  "num_leaves": 27,
  "reg_alpha": 0.0029143323159049987,
  "reg_lambda": 8.244644593118152e-07,
  "subsample": 0.8819597029573623
}