{
  "bagging_fraction": 0.663870771895833,
  "bagging_freq": 10,
  "boosting_type": "gbdt",
  "colsample_bytree": 0.6343358082176179,
  "feature_fraction": 0.8962876025068762,
  "learning_rate": 0.10696514979360798,
  "max_bin": 452,
  "max_depth": 1,
  "min_child_samples": 35,
  "min_split_gain": 0.7323757281059418,
  "n_estimators": 373,
  "num_leaves": 209,
  "reg_alpha": 0.0001606051703002687,
  "reg_lambda": 6.696938462175951,
  "subsample": 0.6380289255540573
}