{
  "bagging_fraction": 0.6972374957771004,
  "bagging_freq": 1,
  "colsample_bytree": 0.601236025434438,
  "feature_fraction": 0.9929589271876678,
  "learning_rate": 0.0404138529930578,
  "max_bin": 480,
  "max_depth": 1,
  "min_child_samples": 45,
  "min_split_gain": 0.24420844985912066,
  "n_estimators": 987,
  "num_leaves": 186,
  "reg_alpha": 9.088592894953656e-06,
  "reg_lambda": 0.0009773382679042581,
  "subsample": 0.5757653753466547
}