{
  "colsample_bytree": 0.7309759333610211,
  "learning_rate": 0.1733051776217843,
  "max_depth": 1,
  "min_child_samples": 58,
  "n_estimators": 267,
  "num_leaves": 125,
  "reg_alpha": 0.09177614778802505,
  "reg_lambda": 0.02597735191479612,
  "subsample": 0.6375088376256427
}